Index,Voltage,Power,Channel
0,5.550000,12.220000,2
0,5.550000,12.220000,2
0,5.550000,12.220000,2
0,5.550000,12.220000,2
0,5.550000,12.220000,2
0,5.550000,12.220000,2
0,5.550000,12.220000,2
0,5.550000,12.220000,2
